"","Df","SumOfSqs","R2","F","Pr(>F)"
"Year",2,1.41830017684748,0.483911659671264,23.9101455261654,1e-04
"Residual",51,1.51260704248048,0.516088340328736,NA,NA
"Total",53,2.93090721932796,1,NA,NA
